{
    "$schema": "https://schema.management.azure.com/schemas/0.1.2-preview/CreateUIDefinition.MultiVm.json#",
    "handler": "Microsoft.Azure.CreateUIDef",
    "version": "0.1.2-preview",
    "parameters": {
        "resourceTypes": [
            "microsoft.network/virtualnetworks",
            "microsoft.storage/storageaccounts",
            "microsoft.databricks/workspaces",
            "microsoft.resources/resourcegroups"
        ],
        "basics": [],
        "steps": [],
        "outputs": {}
    }
}