{
    "$schema": "https://schema.management.azure.com/schemas/2019-04-01/deploymentTemplate.json#",
    "contentVersion": "1.0.0.0",
    "parameters": {},
    "variables": {
        "UniqueSuffix": "[uniqueString(resourceGroup().id)]",
        "SynapseSQLDWSize": "DW200c",
        "piVirtualNetworkName": "piVirtualNetwork",
        "piVirtualNetworkIPAddressPrefix": "10.10.0.0/16",
        "piVirtualSubnetName": "default",
        "piVirtualSubnetIPAddressPrefix": "10.10.0.0/24",

        "piOperationalSQLEndpoint": "[concat('operationalsql-', substring(variables('UniqueSuffix'),0,5))]",
        "piSynapseSQLEndpoint": "[concat('synapsesql-', substring(variables('UniqueSuffix'),0,5))]",
        "piSynapseDWName": "SynapseDW",
        "piSynapseDWCollation": "SQL_Latin1_General_CP1_CI_AS",

        "piDataLakeStorageName": "[concat('synapsedatalake', substring(variables('UniqueSuffix'),0,5))]",
        "piDataFactoryName": "[concat('SynapseDataFactory-',substring(variables('UniqueSuffix'),0,5))]",
        "piDataFactoryLocation": "[resourceGroup().location]",
        "piDatabricksWorkspaceName": "[concat('piDatabricks-',substring(variables('UniqueSuffix'),0,5))]",
        "piDatabricksResourceGroupName": "[concat('Databricks-', resourceGroup().name)]",
        "piDatabricksResourceGroupID": "[concat(subscription().id, '/resourceGroups/', variables('piDatabricksResourceGroupName'))]",
        "piDatabricksTier": "standard"
    },
    "resources": [
        {
            "type": "Microsoft.Network/virtualNetworks",
            "apiVersion": "2018-12-01",
            "name": "[variables('piVirtualNetworkName')]",
            "location": "[resourceGroup().location]",
            "dependsOn": [],
            "properties": {
                "provisioningState": "Succeeded",
                "addressSpace": {
                    "addressPrefixes": [
                        "[variables('piVirtualNetworkIPAddressPrefix')]"
                    ]
                },
                "subnets": [
                    {
                        "name": "default",
                        "properties": {
                            "provisioningState": "Succeeded",
                            "addressPrefix": "[variables('piVirtualSubnetIPAddressPrefix')]",
                            "delegations": []
                        }
                    },
                    {
                        "name": "AzureBastionSubnet",
                        "properties": {
                            "addressPrefix": "10.10.100.0/24",
                            "serviceEndpoints": [],
                            "delegations": [],
                            "privateEndpointNetworkPolicies": "Enabled",
                            "privateLinkServiceNetworkPolicies": "Enabled"
                        }
                    }
                ],
                "virtualNetworkPeerings": [],
                "enableDdosProtection": false,
                "enableVmProtection": false
            }
        },
        {
            "type": "Microsoft.Network/virtualNetworks/subnets",
            "apiVersion": "2019-09-01",
            "name": "[concat(variables('piVirtualNetworkName'), '/', variables('piVirtualSubnetName'))]",
            "dependsOn": [
                "[resourceId('Microsoft.Network/virtualNetworks', variables('piVirtualNetworkName'))]"
            ],
            "properties": {
                "provisioningState": "Succeeded",
                "addressPrefix": "[variables('piVirtualSubnetIPAddressPrefix')]",
                "delegations": []
            }
        },
        {
            "type": "Microsoft.Network/virtualNetworks/subnets",
            "apiVersion": "2019-09-01",
            "name": "[concat(variables('piVirtualNetworkName'), '/', '/AzureBastionSubnet')]",
            "dependsOn": [
                "[resourceId('Microsoft.Network/virtualNetworks', variables('piVirtualNetworkName'))]"
            ],
            "properties": {
                "addressPrefix": "10.10.100.0/24",
                "serviceEndpoints": [],
                "delegations": [],
                "privateEndpointNetworkPolicies": "Enabled",
                "privateLinkServiceNetworkPolicies": "Enabled"
            }
        },
        {
            "type": "Microsoft.Storage/storageAccounts",
            "apiVersion": "2019-06-01",
            "name": "[variables('piDataLakeStorageName')]",
            "location": "[resourceGroup().location]",
            "dependsOn": [],
            "tags": {},
            "sku": {
                "name": "Standard_RAGRS",
                "tier": "Standard"
            },
            "kind": "StorageV2",
            "properties": {
                "isHnsEnabled": true,
                "networkAcls": {
                    "bypass": "AzureServices",
                    "virtualNetworkRules": [],
                    "ipRules": [],
                    "defaultAction": "Allow"
                },
                "supportsHttpsTrafficOnly": true,
                "encryption": {
                    "services": {
                        "file": {
                            "enabled": true
                        },
                        "blob": {
                            "enabled": true
                        }
                    },
                    "keySource": "Microsoft.Storage"
                },
                "accessTier": "Hot"
            }
        },
        {
            "type": "Microsoft.Storage/storageAccounts/blobServices",
            "apiVersion": "2019-06-01",
            "name": "[concat(variables('piDataLakeStorageName'), '/default')]",
            "dependsOn": [
                "[resourceId('Microsoft.Storage/storageAccounts', variables('piDataLakeStorageName'))]"
            ],
            "sku": {
                "name": "Standard_RAGRS",
                "tier": "Standard"
            },
            "properties": {
                "cors": {
                    "corsRules": []
                },
                "deleteRetentionPolicy": {
                    "enabled": false
                }
            }
        },
        {
            "type": "Microsoft.Storage/storageAccounts/fileServices",
            "apiVersion": "2019-06-01",
            "name": "[concat(variables('piDataLakeStorageName'), '/default')]",
            "dependsOn": [
                "[resourceId('Microsoft.Storage/storageAccounts', variables('piDataLakeStorageName'))]"
            ],
            "sku": {
                "name": "Standard_RAGRS",
                "tier": "Standard"
            },
            "properties": {
                "cors": {
                    "corsRules": []
                }
            }
        },
        {
            "type": "Microsoft.Storage/storageAccounts/blobServices/containers",
            "apiVersion": "2019-06-01",
            "name": "[concat(variables('piDataLakeStorageName'), '/default/nycimagemetadata')]",
            "dependsOn": [
                "[resourceId('Microsoft.Storage/storageAccounts/blobServices', variables('piDataLakeStorageName'), 'default')]",
                "[resourceId('Microsoft.Storage/storageAccounts', variables('piDataLakeStorageName'))]"
            ],
            "properties": {
                "publicAccess": "None"
            }
        },
        {
            "type": "Microsoft.Storage/storageAccounts/blobServices/containers",
            "apiVersion": "2019-06-01",
            "name": "[concat(variables('piDataLakeStorageName'), '/default/nycimages')]",
            "dependsOn": [
                "[resourceId('Microsoft.Storage/storageAccounts/blobServices', variables('piDataLakeStorageName'), 'default')]",
                "[resourceId('Microsoft.Storage/storageAccounts', variables('piDataLakeStorageName'))]"
            ],
            "properties": {
                "publicAccess": "Blob"
            }
        },
        {
            "type": "Microsoft.Storage/storageAccounts/blobServices/containers",
            "apiVersion": "2019-06-01",
            "name": "[concat(variables('piDataLakeStorageName'), '/default/nyctaxidata-curated')]",
            "dependsOn": [
                "[resourceId('Microsoft.Storage/storageAccounts/blobServices', variables('piDataLakeStorageName'), 'default')]",
                "[resourceId('Microsoft.Storage/storageAccounts', variables('piDataLakeStorageName'))]"
            ],
            "properties": {
                "publicAccess": "None"
            }
        },
        {
            "type": "Microsoft.Storage/storageAccounts/blobServices/containers",
            "apiVersion": "2019-06-01",
            "name": "[concat(variables('piDataLakeStorageName'), '/default/nyctaxidata-raw')]",
            "dependsOn": [
                "[resourceId('Microsoft.Storage/storageAccounts/blobServices', variables('piDataLakeStorageName'), 'default')]",
                "[resourceId('Microsoft.Storage/storageAccounts', variables('piDataLakeStorageName'))]"
            ],
            "properties": {
                "publicAccess": "None"
            }
        },
        {
            "type": "Microsoft.Storage/storageAccounts/blobServices/containers",
            "apiVersion": "2019-06-01",
            "name": "[concat(variables('piDataLakeStorageName'), '/default/nysestocktrade')]",
            "dependsOn": [
                "[resourceId('Microsoft.Storage/storageAccounts/blobServices', variables('piDataLakeStorageName'), 'default')]",
                "[resourceId('Microsoft.Storage/storageAccounts', variables('piDataLakeStorageName'))]"
            ],
            "properties": {
                "publicAccess": "None"
            }
        },
        {
            "type": "Microsoft.Storage/storageAccounts/blobServices/containers",
            "apiVersion": "2019-06-01",
            "name": "[concat(variables('piDataLakeStorageName'), '/default/polybase')]",
            "dependsOn": [
                "[resourceId('Microsoft.Storage/storageAccounts/blobServices', variables('piDataLakeStorageName'), 'default')]",
                "[resourceId('Microsoft.Storage/storageAccounts', variables('piDataLakeStorageName'))]"
            ],
            "properties": {
                "publicAccess": "None"
            }
        },
        {
            "type": "Microsoft.DataFactory/factories",
            "apiVersion": "2018-06-01",
            "name": "[variables('piDataFactoryName')]",
            "location": "[variables('piDataFactoryLocation')]",
            "identity": {
                "type": "SystemAssigned"
            },
            "properties": {}
        },
        {
            "type": "Microsoft.Databricks/workspaces",
            "apiVersion": "2018-04-01",
            "name": "[variables('piDatabricksWorkspaceName')]",
            "location": "[resourceGroup().location]",
            "sku": {
                "name": "[variables('piDatabricksTier')]"
            },
            "properties": {
                "ManagedResourceGroupId": "[variables('piDatabricksResourceGroupID')]"
            }
        },
        {
            "type": "Microsoft.Storage/storageAccounts/blobServices/containers",
            "apiVersion": "2019-06-01",
            "name": "[concat(variables('piDataLakeStorageName'), '/default/polybase')]",
            "dependsOn": [
                "[resourceId('Microsoft.Storage/storageAccounts/blobServices', variables('piDataLakeStorageName'), 'default')]",
                "[resourceId('Microsoft.Storage/storageAccounts', variables('piDataLakeStorageName'))]"
            ],
            "properties": {
                "publicAccess": "None"
            }
        },
        {
            "type": "Microsoft.Sql/servers",
            "apiVersion": "2015-05-01-preview",
            "name": "[variables('piSynapseSQLEndpoint')]",
            "location": "[resourceGroup().location]",
            "dependsOn": [],
            "kind": "v12.0",
            "properties": {

                "version": "12.0"
            },
            "resources": [
                {
                    "type": "firewallrules",
                    "apiVersion": "2015-05-01-preview",
                    "name": "AllowAllAzureIps",
                    "location": "[resourceGroup().location]",
                    "dependsOn": [
                        "[variables('piSynapseSQLEndpoint')]"
                    ],
                    "properties": {
                        "startIpAddress": "0.0.0.0",
                        "endIpAddress": "0.0.0.0"
                    }
                }
            ]
        },
        {
            "type": "Microsoft.Sql/servers",
            "apiVersion": "2015-05-01-preview",
            "name": "[variables('piOperationalSQLEndpoint')]",
            "location": "[resourceGroup().location]",
            "dependsOn": [],
            "kind": "v12.0",
            "properties": {

                "version": "12.0"
            },
            "resources": [
                {
                    "type": "firewallrules",
                    "apiVersion": "2015-05-01-preview",
                    "name": "AllowAllAzureIps",
                    "location": "[resourceGroup().location]",
                    "dependsOn": [
                        "[variables('piOperationalSQLEndpoint')]"
                    ],
                    "properties": {
                        "startIpAddress": "0.0.0.0",
                        "endIpAddress": "0.0.0.0"
                    }
                }
            ]
        },
        {
            "type": "Microsoft.Sql/servers/databases",
            "apiVersion": "2017-03-01-preview",
            "name": "[concat(variables('piSynapseSQLEndpoint'), '/', variables('piSynapseDWName'))]",
            "location": "[resourceGroup().location]",
            "dependsOn": [
                "[resourceId('Microsoft.Sql/servers', variables('piSynapseSQLEndpoint'))]"
            ],
            "sku": {
                "name": "[variables('SynapseSQLDWSize')]",
                "tier": "DataWarehouse"
            },
            "kind": "v12.0,user,datawarehouse,gen2",
            "properties": {
                "collation": "[variables('piSynapseDWCollation')]",
                "maxSizeBytes": 263882790666240,
                "catalogCollation": "[variables('piSynapseDWCollation')]"
            }
        },
        {
            "type": "Microsoft.Sql/servers/firewallRules",
            "apiVersion": "2015-05-01-preview",
            "name": "[concat(variables('piSynapseSQLEndpoint'), '/AllowAllWindowsAzureIps')]",
            "dependsOn": [
                "[resourceId('Microsoft.Sql/servers', variables('piSynapseSQLEndpoint'))]"
            ],
            "properties": {
                "startIpAddress": "0.0.0.0",
                "endIpAddress": "0.0.0.0"
            }
        },
        {
            "type": "Microsoft.Sql/servers/databases",
            "apiVersion": "2017-10-01-preview",
            "name": "[concat(variables('piOperationalSQLEndpoint'), '/NYCDataSets')]",
            "location": "[resourceGroup().location]",
            "dependsOn": [
                "[resourceId('Microsoft.Sql/servers', variables('piOperationalSQLEndpoint'))]"
            ],
            "tags": {},
            "sku": {
                "name": "Standard",
                "tier": "Standard",
                "capacity": 20
            },
            "kind": "v12.0,user",
            "properties": {
                "collation": "SQL_Latin1_General_CP1_CI_AS",
                "maxSizeBytes": 1073741824,
                "catalogCollation": "SQL_Latin1_General_CP1_CI_AS",
                "zoneRedundant": false,
                "readScale": "Disabled",
                "readReplicaCount": 0
            }

        }
    ]
}